{
  "schema_version": 1,
  "created_at": "2026-01-31T12:46:59.241947+00:00",
  "source": "bench/runs/rl/20260131_123839__dreamer_v3__red__exit_oak_smoke_small/metrics.jsonl",
  "input_kind": "jsonl",
  "env_steps_min": 384,
  "env_steps_max": 384,
  "count": 1,
  "keys": [
    "Grads/actor",
    "Grads/critic",
    "Grads/world_model",
    "Loss/continue_loss",
    "Loss/observation_loss",
    "Loss/policy_loss",
    "Loss/reward_loss",
    "Loss/state_loss",
    "Loss/value_loss",
    "Loss/world_model_loss",
    "State/kl",
    "State/post_entropy",
    "State/prior_entropy",
    "action_entropy",
    "adv_mean",
    "adv_std",
    "ready_steps",
    "replay_ratio",
    "replay_size",
    "ret_p05",
    "ret_p95",
    "ret_scale",
    "sps",
    "train_sps",
    "value_mean",
    "value_std"
  ],
  "metrics": {
    "Loss/world_model_loss": 760.4339513778687,
    "Loss/observation_loss": 755.373125076294,
    "Loss/reward_loss": 3.173442459665239,
    "Loss/state_loss": 1.4947681427001953,
    "Loss/continue_loss": 0.392618206795305,
    "State/kl": 2.491262727417052,
    "State/post_entropy": 13.372378751635551,
    "State/prior_entropy": 15.315332889556885,
    "Loss/policy_loss": 0.02940775443767052,
    "Loss/value_loss": 6.300534898415208,
    "Grads/world_model": 651.8836555480957,
    "Grads/actor": 0.1056237058219267,
    "Grads/critic": 8.36765153054148,
    "action_entropy": 1.6070076115429401,
    "value_mean": 0.0020103637061765767,
    "value_std": 0.00018380189445821316,
    "adv_mean": -0.00283756819771952,
    "adv_std": 0.2173456858145073,
    "ret_p05": -0.10386867914485265,
    "ret_p95": 0.2138259309449495,
    "ret_scale": 1.0,
    "replay_ratio": 0.3333333333333333,
    "replay_size": 24.0,
    "ready_steps": 24.0,
    "sps": 3.598436533794588,
    "train_sps": 9.396941635035725
  },
  "missing_keys": [],
  "threshold_pct": 0.15,
  "abs_tol": 1e-06
}
